words,skill,"category (hard,soft,tool)",n
data,,,199186
business,,,
business,,,54686
team,,,44203
science,,,41342
learning,,,40464
analysis,,,34695
analytics,,,31990
ability,,,31114
development,,,31043
research,research,hard,30893
machine,machinelearning,hard,30647
working,,,25665
solutions,,,25635
knowledge,,,24960
models,,,23756
required,,,23073
scientist,,,22452
technical,,,22410
information,,,22061
management,datamanagement,,21949
management,accountmanagement,,
develop,,,21247
degree,,,21022
support,,,20976
tools,,,20974
statistical,,,20954
design,,,20416
engineering,,,20272
related,,,19420
systems,,,18665
software,,,18467
product,,,18223
environment,,,18037
position,,,17915
company,,,17548
python,python,tool,17419
techniques,,,17400
requirements,,,17385
opportunity,,,17140
teams,,,17022
computer,,,16880
technology,,,16830
status,,,16344
advanced,,,16138
modeling,,,15805
projects,,,15411
preferred,,,15375
complex,,,15300
problems,,,15143
build,,,14975
services,,,14868
help,,,14809
analytical,,,14775
provide,,,14567
statistics,,,14518
products,,,14132
people,,,14078
across,,,13965
etc,,,13882
responsibilities,,,13807
must,,,13651
insights,,,13537
understanding,,,13100
algorithms,,,12983
sql,sql,tool,12941
employment,,,12843
communication,communication,soft,12576
customer,,,12474
large,,,12451
project,,,12436
time,,,12335
process,,,11550
technologies,,,11518
building,,,11456
methods,,,11451
customers,,,11444
within,,,11418
results,,,11243
industry,,,11215
equal,,,11172
scientists,,,10983
quality,,,10878
programming,,,10871
clients,,,10842
health,,,10748
performance,,,10514
quantitative,,,10472
apply,,,10445
world,,,10435
well,,,10419
drive,,,10369
developing,,,10338
predictive,,,10297
opportunities,,,10268
employer,,,10239
national,,,10214
best,,,10193
make,,,10131
key,,,10103
disability,,,9913
looking,,,9860
processes,,,9603
level,,,9479
identify,,,9305
operations,,,9299
gender,,,9293
expertise,,,9279
deep,,,9207
excellent,,,9106
intelligence,,,9082
clinical,,,9064
create,,,9057
multiple,,,9016
please,,,8998
applicants,,,8878
lead,,,8834
education,,,8824
needs,,,8743
applications,,,8580
responsible,,,8541
organization,,,8515
application,,,8489
based,,,8432
processing,,,8422
relevant,,,8369
candidate,,,8280
join,,,8218
plus,,,8189
senior,,,8158
impact,,,8131
protected,,,8119
sets,,,8100
improve,,,8083
global,,,8015
professional,,,7964
employees,,,7955
internal,,,7950
engineers,,,7902
include,,,7897
understand,,,7888
mathematics,,,7826
veteran,,,7762
security,,,7748
model,,,7707
written,,,7684
need,,,7683
benefits,,,7622
medical,,,7616
marketing,,,7614
sources,,,7599
client,,,7553
perform,,,7508
analyze,,,7498
leadership,,,7480
communicate,,,7457
orientation,,,7414
deliver,,,7405
leading,,,7397
innovative,,,7363
reports,,,7346
phd,,,7318
origin,,,7292
religion,,,7236
system,,,7236
identity,,,7229
testing,,,7184
code,,,7167
minimum,,,7157
demonstrated,,,7142
cloud,,,7112
financial,,,7100
mining,,,7088
language,,,7079
visualization,,,7058
stakeholders,,,6892
value,,,6848
training,,,6817
ensure,,,6798
scientific,,,6797
platform,,,6789
diverse,,,6781
program,,,6706
solve,,,6626
analytic,,,6421
group,,,6379
optimization,,,6379
decisions,,,6375
reporting,,,6372
description,,,6304
programs,,,6293
service,,,6277
career,,,6262
implement,,,6260
maintain,,,6242
location,,,6193
partners,,,6159
variety,,,6141
problem,,,6137
languages,,,6109
following,,,6049
spark,,,6036
learn,,,6025
mission,,,6017
age,,,6001
effectively,,,5978
least,,,5968
practices,,,5968
collaborate,,,5932
strategic,,,5926
healthcare,,,5869
manage,,,5856
test,,,5779
applied,,,5734
background,,,5730
office,,,5728
sex,,,5701
external,,,5686
growth,,,5673
aws,,,5626
life,,,5615
vision,,,5581
decision,,,5553
production,,,5551
database,,,5510
duties,,,5487
members,,,5464
candidates,,,5453
care,,,5451
strategy,,,5439
analyses,,,5412
hadoop,,,5392
equivalent,,,5370
digital,,,5368
solving,,,5326
databases,,,5317
issues,,,5298
appropriate,,,5292
providing,,,5271
hands,,,5265
federal,,,5254
action,,,5250
closely,,,5241
successful,,,5206
success,,,5178
access,,,5167
future,,,5149
meet,,,5145
culture,,,5112
scale,,,5100
amp,,,5028
creating,,,4984
proficiency,,,4982
regard,,,4982
risk,,,4982
employee,,,4963
datasets,,,4957
implementation,,,4930
challenges,,,4925
innovation,,,4903
summary,,,4883
concepts,,,4876
law,,,4849
recommendations,,,4814
critical,,,4773
staff,,,4770
take,,,4769
approaches,,,4766
java,,,4757
activities,,,4748
committed,,,4743
seeking,,,4710
sas,,,4698
proven,,,4686
state,,,4674
focus,,,4626
provides,,,4606
market,,,4601
familiarity,,,4598
better,,,4589
platforms,,,4558
department,,,4543
around,,,4540
capabilities,,,4526
individuals,,,4494
enterprise,,,4474
making,,,4461
questions,,,4436
every,,,4432
full,,,4396
travel,,,4365
others,,,4357
masters,,,4339
individual,,,4326
verbal,,,4319
competitive,,,4307
ideas,,,4306
applying,,,4291
sales,,,4282
current,,,4275
basic,,,4262
delivery,,,4237
existing,,,4192
expert,,,4161
great,,,4160
functions,,,4151
trends,,,4146
additional,,,4142
relationships,,,4140
needed,,,4134
goals,,,4129
effective,,,4116
user,,,4116
passion,,,4110
strategies,,,4104
methodologies,,,4103
tableau,,,4088
bachelors,,,4065
year,,,4058
independently,,,4048
consideration,,,4036
collaborative,,,4032
operational,,,4030
companies,,,4028
writing,,,4021
analyzing,,,4009
partner,,,3995
open,,,3988
change,,,3981
receive,,,3979
record,,,3966
natural,,,3952
engineer,,,3950
day,,,3949
insurance,,,3941
plans,,,3941
actionable,,,3920
microsoft,,,3913
review,,,3908
way,,,3903
right,,,3895
public,,,3893
network,,,3878
power,,,3874
findings,,,3868
plan,,,3850
assist,,,3838
procedures,,,3825
used,,,3820
growing,,,3815
planning,,,3798
laboratory,,,3780
available,,,3779
community,,,3778
analyst,,,3764
present,,,3739
social,,,3737
range,,,3735
find,,,3730
applicable,,,3711
contribute,,,3694
architecture,,,3692
computing,,,3690
creative,,,3690
functional,,,3668
conduct,,,3666
web,,,3662
initiatives,,,3660
google,,,3654
infrastructure,,,3653
unstructured,,,3641
offer,,,3636
track,,,3631
requires,,,3630
metrics,,,3626
today,,,3619
leader,,,3613
different,,,3605
set,,,3602
local,,,3596
policy,,,3596
bring,,,3589
center,,,3587
specific,,,3575
want,,,3557
regression,,,3554
outcomes,,,3548
resources,,,3535
tasks,,,3500
similar,,,3492
collaboration,,,3486
core,,,3485
together,,,3474
member,,,3472
managers,,,3447
physical,,,3446
consulting,,,3435
subject,,,3433
area,,,3431
artificial,,,3426
structured,,,3425
users,,,3412
essential,,,3409
basis,,,3402
online,,,3401
biology,,,3400
standards,,,3399
delivering,,,3397
get,,,3397
discipline,,,3389
experiments,,,3376
human,,,3356
clearance,,,3353
experienced,,,3351
leaders,,,3351
economics,,,3344
enable,,,3338
states,,,3334
efforts,,,3293
primary,,,3289
supporting,,,3288
documentation,,,3282
united,,,3279
distributed,,,3271
focused,,,3250
implementing,,,3250
managing,,,3246
designing,,,3245
experiences,,,3245
achieve,,,3230
unique,,,3230
define,,,3214
compliance,,,3203
order,,,3203
helping,,,3198
real,,,3195
marital,,,3194
limited,,,3193
control,,,3188
small,,,3187
driven,,,3186
pipelines,,,3186
analysts,,,3185
levels,,,3184
type,,,3180
university,,,3174
next,,,3167
government,,,3165
drug,,,3163
presentation,,,3161
datadriven,,,3140
potential,,,3134
mathematical,,,3122
diversity,,,3108
evaluate,,,3102
integration,,,3094
master,,,3086
passionate,,,3071
excel,,,3063
execution,,,3059
assigned,,,3051
top,,,3050
sciences,,,3045
crossfunctional,,,3044
agile,,,3036
necessary,,,3033
wide,,,3030
networks,,,3026
fastpaced,,,3023
studies,,,3023
participate,,,3018
discovery,,,3017
dynamic,,,3014
presentations,,,3012
ways,,,3012
desired,,,3005
solution,,,2995
genetic,,,2992
includes,,,2992
amazon,,,2986
works,,,2978
collection,,,2976
execute,,,2975
professionals,,,2974
source,,,2971
finance,,,2965
approach,,,2962
general,,,2959
computational,,,2958
serve,,,2953
study,,,2946
organizations,,,2939
improvement,,,2926
san,,,2913
grow,,,2909
directly,,,2894
safety,,,2892
experts,,,2880
manner,,,2879
leverage,,,2868
performing,,,2867
read,,,2850
expression,,,2849
thinking,,,2849
frameworks,,,2847
manufacturing,,,2847
detail,,,2842
scalable,,,2842
content,,,2839
media,,,2816
objectives,,,2799
know,,,2798
considered,,,2793
organizational,,,2791
azure,,,2775
ideal,,,2774
bachelor,,,2772
environments,,,2768
patterns,,,2760
consumer,,,2750
direct,,,2745
search,,,2734
citizenship,,,2728
documents,,,2728
personal,,,2727
physics,,,2722
hiring,,,2693
develops,,,2690
commercial,,,2689
address,,,2681
end,,,2679
interpersonal,,,2669
optimize,,,2658
manager,,,2655
inc,,,2652
industries,,,2643
leveraging,,,2640
resume,,,2634
email,,,2628
matter,,,2628
generation,,,2625
scala,,,2610
contact,,,2599
largest,,,2592
paid,,,2591
youâ,,,2582
hive,,,2578
audiences,,,2574
complete,,,2574
comprehensive,,,2572
assistance,,,2566
quickly,,,2560
accommodation,,,2538
firm,,,2536
businesses,,,2534
clear,,,2530
transform,,,2530
offers,,,2529
eligibility,,,2523
translate,,,2521
report,,,2518
evaluation,,,2516
talent,,,2513
validation,,,2510
regulatory,,,2505
flexible,,,2500
scripting,,,2493
broad,,,2490
cell,,,2477
oral,,,2476
salary,,,2456
academic,,,2446
comfortable,,,2439
document,,,2439
math,,,2434
two,,,2432
nlp,,,2429
reasonable,,,2423
coding,,,2422
automation,,,2421
fields,,,2414
features,,,2410
hours,,,2406
neural,,,2400
exciting,,,2393
visualizations,,,2393
believe,,,2385
space,,,2384
attention,,,2382
date,,,2376
relational,,,2374
package,,,2372
nontechnical,,,2369
proud,,,2368
come,,,2358
integrity,,,2353
novel,,,2339
energy,,,2335
excellence,,,2329
generate,,,2327
compensation,,,2317
identifying,,,2313
share,,,2311
significant,,,2311
forecasting,,,2309
solid,,,2307
first,,,2304
guidance,,,2304
place,,,2301
meaningful,,,2300
equipment,,,2289
classification,,,2286
cancer,,,2283
dental,,,2281
principles,,,2280
patient,,,2279
tensorflow,,,2278
posted,,,2275
currently,,,2271
require,,,2267
proficient,,,2265
family,,,2255
deployment,,,2246
reference,,,2246
values,,,2240
extensive,,,2238
lives,,,2235
domain,,,2233
groups,,,2229
locations,,,2229
agency,,,2228
visit,,,2227
talented,,,2224
person,,,2220
just,,,2219
hire,,,2208
things,,,2207
throughout,,,2207
many,,,2206
detection,,,2190
abilities,,,2184
fulltime,,,2179
portfolio,,,2179
fast,,,2176
etl,,,2175
interpret,,,2175
packages,,,2160
prior,,,2160
driving,,,2159
monitoring,,,2159
upon,,,2159
lab,,,2157
addition,,,2151
determine,,,2149
site,,,2145
major,,,2139
act,,,2135
standard,,,2126
supply,,,2125
weâ,,,2123
love,,,2120
pay,,,2117
write,,,2110
conditions,,,2103
motivated,,,2094
characteristic,,,2089
behavior,,,2087
patients,,,2087
influence,,,2086
dedicated,,,2082
interest,,,2068
possible,,,2068
automated,,,2058
corporate,,,2055
maintaining,,,2050
eeo,,,2049
demonstrate,,,2040
clustering,,,2039
continuous,,,2037
utilizing,,,2037
experimental,,,2035
dashboards,,,2033
text,,,2033
millions,,,2031
agencies,,,2028
maintenance,,,2027
ibm,,,2025
efficient,,,2019
policies,,,2007
tech,,,2005
transformation,,,2004
depth,,,2001
prepare,,,2001
york,,,2000
mobile,,,1999
start,,,1997
via,,,1994
investment,,,1984
practice,,,1984
workplace,,,1983
direction,,,1982
operating,,,1978
communicating,,,1971
meetings,,,1970
laws,,,1965
challenging,,,1964
important,,,1963
responsibility,,,1959
accuracy,,,1955
communications,,,1950
contract,,,1949
colleagues,,,1944
enhance,,,1938
disabilities,,,1937
priorities,,,1923
rapidly,,,1920
affirmative,,,1919
expected,,,1915
interact,,,1914
consistent,,,1912
insight,,,1911
problemsolving,,,1910
environmental,,,1901
now,,,1901
chain,,,1897
practical,,,1895
consider,,,1888
common,,,1886
form,,,1886
efficiency,,,1885
monitor,,,1882
combination,,,1877
interested,,,1873
validate,,,1872
setting,,,1870
regular,,,1868
matlab,,,1864
series,,,1861
deploy,,,1860
international,,,1859
ongoing,,,1857
exceptional,,,1850
materials,,,1846
edge,,,1844
establish,,,1844
revenue,,,1843
developers,,,1841
goal,,,1839
see,,,1837
regarding,,,1835
veterans,,,1832
changing,,,1831
advance,,,1828
extract,,,1826
integrate,,,1826
molecular,,,1822
engagement,,,1820
improvements,,,1812
positions,,,1805
discover,,,1801
click,,,1798
produce,,,1791
improving,,,1789
positive,,,1789
feature,,,1787
think,,,1785
largescale,,,1781
overall,,,1779
utilize,,,1772
changes,,,1770
modern,,,1767
schedule,,,1763
commitment,,,1758
skill,,,1758
workforce,,,1753
home,,,1749
performs,,,1748
tests,,,1747
thought,,,1746
independent,,,1744
explore,,,1742
simulation,,,1740
live,,,1738
along,,,1736
guide,,,1732
robust,,,1729
credit,,,1725
emerging,,,1725
days,,,1724
forward,,,1723
desire,,,1719
latest,,,1719
junior,,,1718
recruiting,,,1718
successfully,,,1714
active,,,1712
challenge,,,1709
designs,,,1708
built,,,1706
markets,,,1703
view,,,1697
supports,,,1693
leads,,,1690
retail,,,1690
aspects,,,1689
director,,,1685
request,,,1685
pipeline,,,1678
principal,,,1678
structures,,,1677
clearly,,,1675
francisco,,,1670
industrial,,,1667
communities,,,1663
deliverables,,,1661
purpose,,,1661
military,,,1659
line,,,1657
higher,,,1652
requests,,,1652
events,,,1649
offices,,,1649
thrive,,,1649
audience,,,1644
medicine,,,1644
multidisciplinary,,,1644
mentor,,,1639
nosql,,,1638
assess,,,1634
city,,,1634
recruitment,,,1634
executive,,,1633
advertising,,,1632
overview,,,1626
class,,,1625
acquisition,,,1622
supervision,,,1622
made,,,1620
possess,,,1619
timely,,,1619
selection,,,1615
enjoy,,,1614
three,,,1612
function,,,1609
disciplines,,,1607
disease,,,1601
number,,,1591
conducting,,,1579
hardware,,,1578
libraries,,,1574
north,,,1574
creation,,,1571
america,,,1570
researchers,,,1567
preferably,,,1561
cases,,,1558
prioritize,,,1555
located,,,1549
countries,,,1543
ancestry,,,1542
preparation,,,1542
realworld,,,1539
oracle,,,1538
cost,,,1536
criminal,,,1533
previous,,,1530
benefit,,,1528
million,,,1528
statement,,,1527
discriminate,,,1526
amounts,,,1524
unit,,,1520
inform,,,1519
college,,,1517
options,,,1517
accredited,,,1513
brands,,,1512
scope,,,1506
presenting,,,1503
ecommerce,,,1500
queries,,,1499
worlds,,,1492
chemistry,,,1489
cuttingedge,,,1488
daily,,,1484
effectiveness,,,1482
applicant,,,1481
regulations,,,1480
keep,,,1477
exposure,,,1476
algorithm,,,1475
protocols,,,1471
someone,,,1471
creativity,,,1468
inclusive,,,1466
jobs,,,1461
investigation,,,1459
associated,,,1455
realtime,,,1454
whether,,,1454
feedback,,,1453
engage,,,1450
records,,,1450
collect,,,1449
check,,,1448
special,,,1447
uses,,,1447
answer,,,1446
types,,,1446
ensuring,,,1444
obtain,,,1444
pregnancy,,,1443
word,,,1440
worldwide,,,1436
reviews,,,1430
storage,,,1430
stateart,,,1429
base,,,1424
integrated,,,1423
connect,,,1421
initiative,,,1420
fun,,,1419
coordinate,,,1418
measurement,,,1416
saying,,,1416
school,,,1416
backgrounds,,,1415
difference,,,1414
opportunityaffirmative,,,1414
remote,,,1409
become,,,1404
methodology,,,1404
demand,,,1403
fortune,,,1402
provider,,,1401
video,,,1396
recognized,,,1393
follow,,,1389
fraud,,,1389
linear,,,1386
helps,,,1384
details,,,1382
endend,,,1382
legal,,,1382
maintains,,,1382
per,,,1382
verification,,,1380
components,,,1379
collaborating,,,1378
deadlines,,,1376
outstanding,,,1375
resource,,,1374
note,,,1370
exploratory,,,1369
recognition,,,1369
associate,,,1367
graduate,,,1367
biological,,,1365
warehouse,,,1362
curiosity,,,1361
chance,,,1358
increase,,,1356
deploying,,,1353
beyond,,,1352
play,,,1350
clean,,,1346
player,,,1344
server,,,1344
established,,,1341
kpmg,,,1341
bioinformatics,,,1340
cutting,,,1338
completion,,,1337
history,,,1337
lifecycle,,,1337
foundation,,,1332
reach,,,1331
assets,,,1330
outside,,,1330
detailed,,,1327
either,,,1326
progress,,,1326
title,,,1325
due,,,1322
publications,,,1319
accurate,,,1317
aerospace,,,1317
custom,,,1315
ownership,,,1315
oriented,,,1306
conferences,,,1302
call,,,1300
mental,,,1299
demonstrates,,,1298
accommodations,,,1291
specialized,,,1290
linux,,,1289
image,,,1288
means,,,1288
familiar,,,1287
capital,,,1286
account,,,1284
eligible,,,1284
requirement,,,1284
empower,,,1283
flow,,,1283
cyber,,,1282
administration,,,1280
resumes,,,1279
startup,,,1274
gathering,,,1273
interface,,,1272
extraction,,,1271
strongly,,,1271
collaboratively,,,1270
query,,,1270
assessment,,,1268
certification,,,1268
decisionmaking,,,1268
assays,,,1267
trees,,,1262
scikitlearn,,,1261
smart,,,1261
roles,,,1259
everyone,,,1257
private,,,1255
actively,,,1254
cross,,,1253
departments,,,1249
division,,,1249
structure,,,1249
worldclass,,,1248
regardless,,,1246
units,,,1244
hard,,,1241
move,,,1239
willingness,,,1239
personnel,,,1236
tool,,,1234
specifications,,,1233
balance,,,1231
architectures,,,1229
desirable,,,1229
stack,,,1229
prototype,,,1226
give,,,1222
several,,,1221
electrical,,,1217
longterm,,,1216
continue,,,1214
skilled,,,1214
facilitate,,,1212
ecosystem,,,1209
explain,,,1205
run,,,1205
another,,,1201
advantage,,,1200
excited,,,1198
makes,,,1198
sense,,,1195
serving,,,1194
transforming,,,1194
website,,,1193
operate,,,1192
framework,,,1190
shape,,,1190
bonus,,,1187
long,,,1185
recommendation,,,1185
send,,,1182
pricing,,,1178
trust,,,1176
consumers,,,1174
pandas,,,1174
submit,,,1174
sophisticated,,,1173
involved,,,1171
electronic,,,1169
leave,,,1164
tracking,,,1161
massive,,,1160
supervised,,,1160
authorized,,,1159
developed,,,1159
performed,,,1157
risks,,,1157
look,,,1156
random,,,1156
proactively,,,1155
points,,,1149
optimizing,,,1145
seek,,,1145
devices,,,1144
terms,,,1144
free,,,1143
mentoring,,,1140
designed,,,1138
towards,,,1136
asset,,,1135
suite,,,1129
always,,,1128
match,,,1126
legally,,,1124
course,,,1123
partnership,,,1123
brand,,,1121
nature,,,1118
turn,,,1118
months,,,1115
evaluating,,,1110
respect,,,1110
apache,,,1109
certifications,,,1109
even,,,1109
capability,,,1106
competencies,,,1106
billion,,,1105
internet,,,1105
visual,,,1105
boston,,,1104
measure,,,1104
executives,,,1103
defense,,,1102
providers,,,1102
students,,,1102
capable,,,1101
recommend,,,1101
educational,,,1100
capture,,,1097
early,,,1097
behavioral,,,1096
since,,,1096
characteristics,,,1092
handle,,,1092
creed,,,1091
especially,,,1090
pharmaceutical,,,1090
banking,,,1088
minimal,,,1088
ready,,,1087
continuously,,,1086
unsupervised,,,1085
courses,,,1084
entrepreneurial,,,1083
institute,,,1082
matters,,,1082
target,,,1081
transfer,,,1081
genetics,,,1080
bachelorâ,,,1079
exploration,,,1079
usage,,,1079
powerpoint,,,1078
peers,,,1076
fit,,,1075
annual,,,1074
chicago,,,1071
five,,,1071
prediction,,,1071
careers,,,1069
guidelines,,,1068
retirement,,,1068
train,,,1067
selfmotivated,,,1065
predict,,,1064
cycle,,,1063
phone,,,1062
diseases,,,1060
identification,,,1058
workflows,,,1058
javascript,,,1057
handling,,,1056
relationship,,,1055
usa,,,1055
manipulate,,,1054
completed,,,1053
contributing,,,1048
mapreduce,,,1048
complexity,,,1044
specifically,,,1042
assignments,,,1038
equity,,,1036
dod,,,1035
founded,,,1035
innovate,,,1035
applies,,,1034
selfstarter,,,1033
automate,,,1032
executing,,,1031
fully,,,1029
hypotheses,,,1029
case,,,1027
safe,,,1026
kafka,,,1025
simple,,,1025
among,,,1024
hospital,,,1024
provided,,,1024
gain,,,1022
interpretation,,,1021
experimentation,,,1020
expect,,,1019
california,,,1018
facebook,,,1016
efficiently,,,1015
expectations,,,1015
proprietary,,,1015
roadmap,,,1015
close,,,1014
domains,,,1014
selected,,,1013
condition,,,1011
relocation,,,1011
git,,,1009
done,,,1008
expand,,,1008
political,,,1008
creates,,,1007
resolve,,,1006
food,,,1004
spss,,,1003
